chr9	133271182	133271182	rs879055593	T	C	A	*	ABO
chr9	133264504	133264504	rs1165701892	!	GAAACTGCC	A	*	ABO
chr9	133256028	133256028	rs8176743	C	T	*	B	ABO
chr9	133256074	133256074	rs8176741	G	A	*	B	ABO
chr9	133255928	133255928	rs8176747	C	G	*	B	ABO
chr9	133255801	133255801	rs8176749	C	T	*	B	ABO
chr9	133255935	133255935	rs8176746	G	T	*	B	ABO
chr1	25409808	25409808	rs28594470	!	A	C	c	Rh
chr1	25390874	25390874	rs609320	C	G	e	E	Rh
chr1	25420665	25420665	rs138268848	T	C	*	Cw	Rh
chr7	142957921	142957921	rs8176058	G	A	k	K	Kell
chr7	142954267	142954267	rs8176059	G	A	Kpb	Kpa	Kell
chr4	144120567	144120567	rs7682260	A	G	N	M	MNS
chr4	143999443	143999443	rs7683365	G	A	s	S	MNS
chr22	42717787	42717787	rs5751348	C	A	P1	*	P1PK
chr19	44812188	44812188	rs28399653	G	A	Lub	Lua	Lutheran
chr1	159205564	159205564	rs12075	G	A	Fya	Fyb	Duffy
chr18	45739554	45739554	rs1058396	G	A	Jka	Jkb	Kidd
chr12	14840505	14840505	rs11276	C	T	Dob	Doa	Dombrock
chr7	30912043	30912043	rs28362692	C	T	Coa	Cob	Colton
chr1	207609424	207609424	rs41274768	G	A	Kna	Knb	Knops
chr7	100893176	100893176	rs1799805	G	T	Yta	Ytb	Yt
chr19	48703417	48703417	rs601338	G	A	Se	*	Secretor
chr1	3775433	3775433	rs566629828	AGTCAGCCTAGGGGCTGT	A	Vel	*	Vel

!
# Everything below a line starting with an exclamation mark is ignored by VladType

# The definitions below are all untested and could produce erroneous predictions 
chr7	142943026	142943026	rs8176038	A	G	Jsb	Jsa	Kell
chr17	44251253	44251253	rs2285644	G	A	Dib	Dia	Diego
chr17	44254581	44254581	rs75731670	C	T	Wrb	Wra	Diego
chr1	42830860	42830860	rs56136737	C	G	*	Rd	Scianna
chr1	207331122	207331122	rs60822373	!	G	*	Cra	Cromer

chr4	143999425	143999425	161G>A	C	T	*	Mit	MNS
chr4	144119686	144119686	rs1800582	C	T	*	ERIK	MNS
chr2	126656303	126656303	rs121912761	C	T	*	Dha	Gerbich
chr17	44255779	44255779	rs551784583	C	G	*	Wu	Diego
chr4	143999413	143999413	rs374811215	G	C	sD	*	MNS
chr1	207609511	207609511	rs17047660	A	G	McCa	McCb	Knops
chr1	207609544	207609544	rs17047661	A	G	Sla	Vil	Knops
chr7	142944333	142944333	1481T>A	T	A	Ula	*	Kell
chr12	14840975	14840975	rs28362797	C	A	Hy	*	Dombrock
chr12	14840948	14840948	rs28362798	G	A	Jo	*	Dombrock
chr1	42830851	42830851	rs56025238	G	A	Sc1	Sc2	Scianna

# Xg blood typing is only accurate for females, males need special considerations
chr17	49168801	49168801	rs7224888	T	C	Sda	!	Sid

chr1	25272599	25272599	RHD*01W.1-1	C	G	*	D-weak	Rh
chr1	25303329	25303329	RHD*01W.1-2	T	G	*	D-weak	Rh
chr1	25284725	25284725	RHD*01W.2-1	T	A	*	D-weak	Rh
chr1	25321889	25321889	RHD*01W.2-2	G	C	*	D-weak	Rh
chr1	25272555	25272555	RHD*01W.3	C	G	*	D-weak	Rh
chr1	25301061	25301061	RHD*01W.4-1	C	G	*	D-weak	Rh
chr1	25301552	25301552	RHD*01W.4-2	T	G	*	D-weak	Rh
chr1	25303339	25303339	RHD*01W.4-3	G	A	*	D-weak	Rh
chr1	25303392	25303392	RHD*01W.4-4	C	G	*	D-weak	Rh
chr1	25290751	25290751	RHD*01W.5	C	A	*	D-weak	Rh

chr1	159205704	159205704	rs34599082	C	T	FY(bwk)	*	Duffy
chr1	159204893	159204893	rs2814778	T	C	DuffyNull	#	Duffy
chrX	2748343	2748343	rs311103	G	C	Xga	*	Xg
chr9	133154258	133154258	rs35898523	G	T	Fs	!	FORS
chr4	144001256	144001256	65C>G	G	C	Mv	*	MNS
chr4	144001262	144001262	59T>G	T	G	*	He1	MNS
chr4	144001261	144001261	60A>G	A	G	*	He2	MNS
chr4	144001254	144001254	67A>T	A	T	*	He3	MNS
chr4	144001250	144001250	71A>G	T	C	*	He4	MNS
chr4	144001249	144001249	72G>T	C	A	*	He5	MNS
chr4	143999443	143999443	143C>T	G	A	*	He6	MNS
chr4	144001253	144001253	68C>A	C	A	*	Mg	MNS
chr4	144001262	144001262	59C>T	A	G	N1	M1	MNS
chr4	144001250	144001250	71G>A	T	C	N2	M2	MNS
chr4	144001249	144001249	72T>G	C	A	N3	M3	MNS
chr4	144001262	144001262	59C>T	A	G	*	U	MNS
chr4	144001250	144001250	71G>A	T	C	*	U	MNS
chr4	144001249	144001249	72T>G	C	A	*	U	MNS
chr4	143999446	143999446	140C>T	C	T	*	Vw	MNS
chr4	143997613	143997613	197C>A	C	A	*	Vr	MNS
chr4	143997580	143997580	230C>T	C	T	*	Mta	MNS
chr4	143997584	143997584	226G>A	G	A	*	Ria	MNS
chr4	143999448	143999448	138T>A	T	A	*	Nya	MNS
chr4	143999446	143999446	140C>A	C	A	*	Hut	MNS
chr4	143999438	143999438	148C>T	C	T	*	Or	MNS
chr4	143997593	143997593	217C>T	C	T	*	Osa	MNS
chr4	143997560	143997560	250G>C	G	C	*	HAG	MNS
chr4	143997566	143997566	244C>A	C	A	*	MARS	MNS
chr4	143997568	143997568	242T>G	T	G	ENEV	*	MNS
chr4	144001214	144001214	107C>G	C	G	*	MNTD	MNS
chr4	143997535	143997535	270+5G>A	!	T	Uw1	#	MNS
chr4	143999443	143999443	143C>T	G	A	Uw2	#	MNS
chr4	143997602	143997602	208G>T	C	A	Uw3	#	MNS
chr4	143997580	143997580	230C>T	G	A	Uw4	#	MNS
chr4	143997559	143997559	251C>G	C	G	Uw5	#	MNS
chr4	144001262	144001262	59T>G	T	G	Uw6	#	MNS
chr4	144001261	144001261	60A>G	A	G	Uw7	#	MNS
chr4	144001254	144001254	67A>T	A	T	Uw8	#	MNS
chr4	144001250	144001250	71A>G	T	C	Uw9	#	MNS
chr4	143997571	143997571	239C>T	C	T	*	TSEN	MNS
chr4	143997571	143997571	239C>T	C	T	*	MNY	MNS
chr4	143997619	143997619	191T>A	T	A	*	MUR	MNS
chr4	143997619	143997619	239T>A	T	A	*	DANE	MNS
chr4	143997607	143997607	203G>C	G	C	*	HOP	MNS
chr4	143997607	143997607	203G>C	G	C	NOB	*	MNS
chr4	143997568	143997568	212A>C	A	C	*	HOP	MNS
chr4	143997568	143997568	212A>C	A	C	NOB	*	MNS
chr4	143997571	143997571	239G>C	G	C	*	Hil	MNS
chr4	143997568	143997568	242T>G	T	G	*	Hil	MNS
chr4	143997571	143997571	239G>C	G	C	MINY	*	MNS
chr4	143997568	143997568	242T>G	T	G	*	HIL	MNS
chr4	143997568	143997568	242T>G	T	G	MINY	*	MNS
chr4	143997574	143997574	236C>G	C	G	*	Mia	MNS
chr4	143997574	143997574	236C>G	C	G	*	Mur	MNS
chr4	143997574	143997574	236C>G	C	G	*	Hop	MNS
chr4	143997574	143997574	236C>G	C	G	TSEN	*	MNS
chr4	143997574	143997574	236C>G	C	G	MUT	*	MNS
chr4	143997574	143997574	236C>G	C	G	MINY	*	MNS

# Explanation
# *:	Both homozygous & heterozygous allele1 results in pos for opposing antigen
# !:	Only homozygous for allele1 results in negative for opposing antigen (when one is present)
# #:	Only homozygous for allele2 results in positive for oppsing antignen.